{
  "camera_id": "cam1",
  "image_size": {
    "width": 720,
    "height": 720
  },
  "undistort": {
    "camera_matrix": null,
    "dist_coeffs": null
  },
  "warp": {
    "matrix": [
      [
        -1.380745180243193,
        0.48128719184023777,
        830.6371827653078
      ],
      [
        0.04804284105339326,
        -1.490762723443728,
        801.0468042901588
      ],
      [
        -3.847218637987664e-06,
        0.001725304779495523,
        0.9946604173770556
      ]
    ]
  }
}