{
  "camera_id": "cam1",
  "image_size": {
    "width": 720,
    "height": 720
  },
  "undistort": {
    "camera_matrix": null,
    "dist_coeffs": null
  },
  "warp": {
    "matrix": [
      [
        -1.3636003576037818,
        0.47776586335680865,
        892.9140022136822
      ],
      [
        0.08877294947039872,
        -1.4090924999556886,
        809.2059181190946
      ],
      [
        -3.168917728184076e-05,
        0.0016632253184362003,
        0.997004909145043
      ]
    ]
  }
}