{
  "camera_id": "cam1",
  "image_size": {
    "width": 720,
    "height": 720
  },
  "undistort": {
    "camera_matrix": null,
    "dist_coeffs": null
  },
  "warp": {
    "matrix": [
      [
        1.3710928829256765,
        0.7203950161395319,
        -152.4923233019774
      ],
      [
        -0.08470065530236143,
        2.682435793743589,
        -113.93803286348552
      ],
      [
        -4.1026861727400994e-05,
        0.0017308249955748421,
        1.0144241479292124
      ]
    ]
  }
}