{
  "camera_id": "cam1",
  "image_size": {
    "width": 720,
    "height": 720
  },
  "undistort": {
    "camera_matrix": null,
    "dist_coeffs": null
  },
  "warp": {
    "matrix": [
      [
        -1.4021433862721902,
        0.4944740790857751,
        843.0144249786514
      ],
      [
        0.0470910767247348,
        -1.5001207173273452,
        811.0090688469312
      ],
      [
        -2.685724090474277e-05,
        0.0017678884888729161,
        1.0078383027305222
      ]
    ]
  }
}