{
  "camera_id": "cam1",
  "image_size": {
    "width": 720,
    "height": 720
  },
  "undistort": {
    "camera_matrix": null,
    "dist_coeffs": null
  },
  "warp": {
    "matrix": [
      [
        -1.7926894586952837,
        0.807824676210374,
        1005.4529206104584
      ],
      [
        -0.019255076059704113,
        -2.0189688298992263,
        1119.347473933044
      ],
      [
        -1.5035299432835947e-05,
        0.0021902774520686243,
        1.01152985323536
      ]
    ]
  }
}