{
  "camera_id": "cam1",
  "image_size": {
    "width": 720,
    "height": 720
  },
  "undistort": {
    "camera_matrix": null,
    "dist_coeffs": null
  },
  "warp": {
    "matrix": [
      [
        -1.3944983080770479,
        0.46858270736818364,
        844.764038460248
      ],
      [
        0.04902050883192865,
        -1.504456919068985,
        808.9264046733342
      ],
      [
        -2.2249322735019542e-05,
        0.0017027660542521465,
        1.0220497582922707
      ]
    ]
  }
}