{
  "camera_id": "cam2",
  "image_size": {
    "width": 720,
    "height": 720
  },
  "undistort": {
    "camera_matrix": null,
    "dist_coeffs": null
  },
  "warp": {
    "matrix": [
      [
        0.47565323202092064,
        -1.8303134414694522,
        1105.5710527211938
      ],
      [
        1.607928580140365,
        1.4277399435873004,
        -466.0034606814902
      ],
      [
        4.813998904404414e-05,
        0.0016315640987789167,
        1.0246883406695846
      ]
    ]
  }
}