{
  "camera_id": "cam2",
  "image_size": {
    "width": 720,
    "height": 720
  },
  "undistort": {
    "camera_matrix": null,
    "dist_coeffs": null
  },
  "warp": {
    "matrix": [
      [
        0.5275157482121104,
        -1.9206692251550495,
        1109.287746484508
      ],
      [
        1.6878428386879194,
        1.4772323853356069,
        -625.2339040182713
      ],
      [
        4.0406545770037974e-05,
        0.0019657440575082865,
        0.9849417065785666
      ]
    ]
  }
}