{
  "camera_id": "cam2",
  "image_size": {
    "width": 720,
    "height": 720
  },
  "undistort": {
    "camera_matrix": null,
    "dist_coeffs": null
  },
  "warp": {
    "matrix": [
      [
        0.48155184812867124,
        -1.8252193619618353,
        1227.9272779733271
      ],
      [
        1.768952141348069,
        1.4826749673707393,
        -552.5083414131824
      ],
      [
        7.488231543074186e-05,
        0.001981298696882507,
        1.0670952250178265
      ]
    ]
  }
}