{
  "camera_id": "cam2",
  "image_size": {
    "width": 720,
    "height": 720
  },
  "undistort": {
    "camera_matrix": null,
    "dist_coeffs": null
  },
  "warp": {
    "matrix": [
      [
        1.0847997349388914,
        -0.09427735137730453,
        4.672544771871168
      ],
      [
        -0.09881827917429192,
        1.0798984932310398,
        3.920217135857838
      ],
      [
        -0.0001650365383047008,
        -0.0002561750749731366,
        0.7839887886150555
      ]
    ]
  }
}