{
  "camera_id": "cam2",
  "image_size": {
    "width": 720,
    "height": 720
  },
  "undistort": {
    "camera_matrix": null,
    "dist_coeffs": null
  },
  "warp": {
    "matrix": [
      [
        0.373125118884102,
        -1.7647668177406564,
        1106.788744389339
      ],
      [
        1.6357944280325964,
        1.26333319850279,
        -491.03312908515466
      ],
      [
        5.1513374009362746e-05,
        0.0017876688451975895,
        1.008399022469272
      ]
    ]
  }
}