{
  "camera_id": "cam2",
  "image_size": {
    "width": 720,
    "height": 720
  },
  "undistort": {
    "camera_matrix": null,
    "dist_coeffs": null
  },
  "warp": {
    "matrix": [
      [
        0.06522316238761544,
        -3.34000239443463,
        1907.0048687463463
      ],
      [
        2.476242853282883,
        1.1558735394812971,
        -646.3529435787982
      ],
      [
        0.00011302170178064366,
        0.0028620192670716148,
        1.0425903301794566
      ]
    ]
  }
}