{
  "camera_id": "cam3",
  "image_size": {
    "width": 720,
    "height": 720
  },
  "undistort": {
    "camera_matrix": null,
    "dist_coeffs": null
  },
  "warp": {
    "matrix": [
      [
        0.06141981528613763,
        1.0121599462648134,
        -82.10902883253915
      ],
      [
        -1.2498647467755677,
        0.3031346009556128,
        681.1988837190364
      ],
      [
        -0.0003656138486819843,
        0.00011438593401142325,
        0.9784004450044574
      ]
    ]
  }
}